<?xml version='1.0' encoding='utf-8'?>
<data>
 <row>
   <Roll_No>301</Roll_No>
   <First_Name>Keyuri</First_Name>
   <Last_Name>Patel</Last_Name>
   <Gender>female</Gender>
   <Age>21</Age>
 </row>
 <row>
   <Roll_No>302</Roll_No>
   <First_Name>Yashvi</First_Name>
   <Last_Name>Joshi</Last_Name>
   <Gender>female</Gender>
   <Age>20</Age>
 </row>
 <row>
   <Roll_No>303</Roll_No>
   <First_Name>Jainil</First_Name>
   <Last_Name>Patel</Last_Name>
   <Gender>male</Gender>
   <Age>23</Age>
 </row>
<row>
   <Roll_No>304</Roll_No>
   <First_Name>Prey</First_Name>
   <Last_Name>Patel</Last_Name>
   <Gender>male</Gender>
   <Age>22</Age>
 </row>
<row>
   <Roll_No>305</Roll_No>
   <First_Name>Richi</First_Name>
   <Last_Name>Patel</Last_Name>
   <Gender>female</Gender>
   <Age>25</Age>
 </row>
</data>